{"stats":{"minecraft:killed":{"minecraft:cave_spider":4,"minecraft:witch":1,"minecraft:spider":16,"minecraft:skeleton":21,"minecraft:chicken":14,"minecraft:pig":43,"cobblemon:pokemon":1,"minecraft:creeper":4,"minecraft:sheep":22,"minecraft:zombie":29,"minecraft:cow":16},"minecraft:dropped":{"minecraft:water_bucket":4,"minecraft:iron_ingot":69,"minecraft:bread":57,"minecraft:iron_sword":1,"minecraft:birch_planks":1,"minecraft:porkchop":6,"minecraft:wheat_seeds":6,"cobblemon:pink_mint_seeds":2,"minecraft:oak_log":74,"dynamictrees:birch_seed":5,"minecraft:cooked_porkchop":20,"minecraft:oak_fence":1,"minecraft:weeping_vines":8,"minecraft:iron_helmet":3,"minecraft:cobblestone":81,"minecraft:granite":32,"minecraft:jungle_planks":64,"minecraft:acacia_log":14,"minecraft:coal":122,"minecraft:golden_apple":1,"minecraft:flint":2,"minecraft:stick":38,"minecraft:dirt":1,"minecraft:deepslate_brick_stairs":1,"minecraft:gray_wool":2,"minecraft:diorite":1,"minecraft:torch":6,"minecraft:wooden_axe":3,"minecraft:nether_wart_block":1,"minecraft:melon_slice":19,"minecraft:iron_leggings":3,"minecraft:wooden_sword":2,"minecraft:iron_axe":1,"minecraft:iron_pickaxe":8,"minecraft:string":2,"minecraft:white_wool":13,"minecraft:gold_ingot":1,"cobblemon:ultra_ball":3,"minecraft:bone":4,"minecraft:gravel":15,"minecraft:furnace":4,"minecraft:stone_axe":1,"dynamictrees:oak_seed":4,"minecraft:stone_sword":1,"minecraft:cobbled_deepslate":5,"minecraft:raw_copper":151,"minecraft:tuff":1,"minecraft:wheat":8,"cobblemon:yellow_apricorn":1,"minecraft:rotten_flesh":17,"minecraft:oak_planks":2,"minecraft:iron_boots":2,"travelersbackpack:pig":1,"minecraft:echo_shard":1,"travelersbackpack:iron":2,"minecraft:diamond_sword":1,"minecraft:potato":1,"minecraft:deepslate_tiles":5,"minecraft:shield":2,"minecraft:iron_chestplate":2,"minecraft:andesite":1,"minecraft:yellow_bed":1,"minecraft:chest":1,"minecraft:spider_eye":1,"minecraft:bamboo":7,"minecraft:iron_ore":190,"minecraft:arrow":2,"minecraft:bow":2,"minecraft:stone_pickaxe":2,"minecraft:wooden_pickaxe":3,"minecraft:black_wool":1},"minecraft:used":{"minecraft:stone_sword":47,"minecraft:iron_sword":705,"travelersbackpack:bat":1,"minecraft:torch":173,"minecraft:dirt":6,"minecraft:jungle_planks":45,"cobblemon:cheri_berry":1,"minecraft:wooden_axe":10,"travelersbackpack:gold":1,"minecraft:panda_spawn_egg":1,"minecraft:bamboo":5,"minecraft:furnace":5,"minecraft:egg":1,"minecraft:cooked_beef":16,"minecraft:cobbled_deepslate":82,"minecraft:cooked_mutton":27,"minecraft:stone_pickaxe":72,"minecraft:wooden_pickaxe":50,"cobblemon:persim_berry":2,"minecraft:terracotta":1,"minecraft:crafting_table":5,"minecraft:diamond_pickaxe":7,"minecraft:apple":1,"minecraft:bread":19,"minecraft:melon_slice":165,"minecraft:iron_pickaxe":822,"minecraft:gravel":23,"minecraft:stone_axe":20,"minecraft:wooden_sword":25,"minecraft:cobblestone":39,"minecraft:cooked_porkchop":14,"minecraft:yellow_bed":4,"minecraft:gray_wool":1,"minecraft:candle":7,"minecraft:experience_bottle":2,"minecraft:sculk_catalyst":1},"minecraft:killed_by":{"minecraft:player":10,"minecraft:warden":4},"minecraft:picked_up":{"minecraft:wooden_axe":3,"minecraft:crafting_table":4,"minecraft:iron_chestplate":11,"minecraft:wheat":8,"travelersbackpack:bat":1,"minecraft:chicken":28,"cobblemon:yellow_apricorn":13,"minecraft:diamond_sword":2,"minecraft:wooden_pickaxe":4,"minecraft:enchanted_book":20,"minecraft:potion":14,"minecraft:diamond_horse_armor":1,"minecraft:shield":3,"minecraft:music_disc_cat":1,"minecraft:string":214,"minecraft:raw_copper":606,"minecraft:iron_axe":4,"minecraft:wooden_sword":3,"minecraft:flint_and_steel":1,"minecraft:iron_leggings":15,"minecraft:experience_bottle":3,"travelersbackpack:pig":1,"minecraft:deepslate_tiles":5,"minecraft:candle":7,"minecraft:cobbled_deepslate":620,"cobblemon:green_apricorn":8,"minecraft:beef":46,"minecraft:music_disc_otherside":1,"minecraft:echo_shard":6,"cobblemon:oran_berry":6,"dynamictrees:oak_seed":6,"minecraft:iron_pickaxe":16,"minecraft:sugar_cane":37,"minecraft:enchanted_golden_apple":4,"minecraft:melon_slice":467,"minecraft:chest":2,"minecraft:egg":1,"minecraft:iron_boots":8,"minecraft:furnace":10,"minecraft:raw_iron":154,"minecraft:stick":117,"minecraft:oak_fence":1,"minecraft:torch":382,"minecraft:acacia_log":14,"minecraft:porkchop":113,"cobblemon:rawst_berry":19,"minecraft:diorite":11,"travelersbackpack:iron":2,"minecraft:stone_sword":3,"minecraft:arrow":49,"minecraft:weeping_vines":8,"minecraft:rotten_flesh":29,"cobblemon:everstone":1,"cobblemon:pink_mint_leaf":2,"minecraft:hay_block":8,"cobblemon:black_augurite":2,"minecraft:saddle":1,"minecraft:gold_ingot":1,"minecraft:deepslate_brick_stairs":1,"minecraft:mutton":43,"cobblemon:blue_apricorn":16,"minecraft:white_wool":57,"minecraft:cobblestone":934,"cobblemon:ultra_ball":16,"minecraft:feather":12,"minecraft:cooked_beef":7,"minecraft:jungle_log":82,"minecraft:water_bucket":5,"minecraft:andesite":2,"minecraft:leather":40,"minecraft:brown_wool":1,"minecraft:potato":1,"minecraft:birch_planks":9,"cobblemon:razz_berry":17,"minecraft:flint":15,"minecraft:tuff":3,"minecraft:oak_log":165,"minecraft:yellow_bed":6,"minecraft:nether_wart_block":2,"minecraft:gunpowder":18,"megamons:anistarite_geode_block":40,"minecraft:lapis_lazuli":86,"minecraft:dirt":10,"minecraft:cooked_mutton":21,"minecraft:bone":45,"minecraft:apple":14,"minecraft:bow":4,"minecraft:wheat_seeds":15,"cobblemon:black_apricorn":16,"minecraft:raw_gold":25,"minecraft:stone_pickaxe":4,"minecraft:grindstone":2,"minecraft:iron_ingot":259,"dynamictrees:birch_seed":5,"cobblemon:pink_mint_seeds":4,"minecraft:bamboo":56,"travelersbackpack:gold":7,"minecraft:oak_planks":4,"minecraft:iron_sword":8,"minecraft:book":46,"minecraft:sculk_catalyst":8,"minecraft:cooked_porkchop":29,"minecraft:music_disc_13":6,"minecraft:sculk":63,"minecraft:gravel":39,"cobblemon:cheri_berry":32,"minecraft:jungle_planks":29,"cobblemon:persim_berry":76,"minecraft:soul_torch":22,"minecraft:spider_eye":26,"megamons:anistarite_rough_geode_block":9,"minecraft:stone_axe":2,"minecraft:diamond":8,"minecraft:iron_helmet":9,"minecraft:granite":71,"minecraft:golden_apple":3,"minecraft:gray_wool":6,"minecraft:emerald":2,"minecraft:bread":84,"minecraft:terracotta":1,"minecraft:netherrack":5,"minecraft:black_wool":1,"minecraft:coal":670,"minecraft:crimson_roots":1,"minecraft:diamond_pickaxe":1},"minecraft:mined":{"minecraft:diamond_ore":1,"minecraft:deepslate_tiles":5,"minecraft:tuff":1,"minecraft:deepslate_diamond_ore":2,"minecraft:candle":1,"minecraft:sculk_vein":1,"cobblemon:apricorn_log":1,"minecraft:glow_lichen":3,"minecraft:granite":18,"minecraft:grass_block":7,"minecraft:jungle_planks":1,"minecraft:jungle_log":16,"travelersbackpack:iron":1,"minecraft:hay_block":8,"minecraft:redstone_ore":1,"dynamictrees:oak_undergrowth_leaves":3,"minecraft:sculk_catalyst":5,"minecraft:furnace":2,"minecraft:iron_ore":69,"minecraft:cobbled_deepslate":6,"minecraft:andesite":1,"cobblemon:pink_mint":2,"minecraft:deepslate_lapis_ore":4,"minecraft:sculk_shrieker":6,"minecraft:deepslate_iron_ore":60,"minecraft:vine":5,"minecraft:deepslate_brick_stairs":1,"dynamictrees:crimson_wart":1,"minecraft:bamboo_sapling":2,"minecraft:bamboo":7,"minecraft:stone":143,"minecraft:deepslate_redstone_ore":1,"cobblemon:rawst_berry":4,"minecraft:crimson_nylium":4,"cobblemon:apricorn_leaves":4,"minecraft:oak_fence":1,"minecraft:crafting_table":4,"minecraft:torch":8,"minecraft:melon":52,"minecraft:sculk_sensor":42,"minecraft:copper_ore":81,"minecraft:tall_grass":1,"minecraft:cobblestone":17,"minecraft:deepslate_coal_ore":1,"minecraft:deepslate_gold_ore":10,"minecraft:lapis_ore":9,"minecraft:grindstone":1,"minecraft:oak_planks":3,"minecraft:sugar_cane":13,"minecraft:sculk":52,"minecraft:wall_torch":43,"minecraft:deepslate_copper_ore":10,"travelersbackpack:pig":1,"cobblemon:persim_berry":4,"minecraft:yellow_bed":6,"minecraft:grass":105,"minecraft:coal_ore":230,"minecraft:oak_log":4,"minecraft:gravel":38,"minecraft:dirt":3,"minecraft:cobweb":40,"minecraft:terracotta":1,"travelersbackpack:gold":3,"minecraft:netherrack":1,"minecraft:gold_ore":8,"minecraft:deepslate":110,"minecraft:fern":22},"minecraft:broken":{"minecraft:iron_pickaxe":1,"minecraft:iron_helmet":1},"minecraft:custom":{"minecraft:mob_kills":175,"minecraft:interact_with_crafting_table":41,"minecraft:leave_game":8,"minecraft:time_since_death":85560,"minecraft:climb_one_cm":7303,"minecraft:sprint_one_cm":1491833,"minecraft:walk_one_cm":569531,"minecraft:drop":153,"minecraft:talked_to_villager":6,"minecraft:play_time":360352,"minecraft:sneak_time":41837,"minecraft:deaths":19,"minecraft:walk_under_water_one_cm":16758,"minecraft:jump":7373,"minecraft:walk_on_water_one_cm":41212,"minecraft:total_world_time":360352,"minecraft:interact_with_furnace":72,"minecraft:traded_with_villager":1,"minecraft:interact_with_grindstone":3,"minecraft:sleep_in_bed":4,"minecraft:time_since_rest":80139,"minecraft:damage_taken":10710,"minecraft:damage_dealt":23460,"minecraft:player_kills":3,"minecraft:swim_one_cm":95765,"minecraft:fly_one_cm":1314257,"minecraft:open_chest":162,"minecraft:crouch_one_cm":147483,"minecraft:fall_one_cm":240045,"minecraft:interact_with_smithing_table":2},"minecraft:crafted":{"minecraft:wooden_sword":1,"minecraft:oak_planks":68,"minecraft:furnace":4,"minecraft:cooked_mutton":19,"minecraft:flint_and_steel":1,"minecraft:iron_boots":1,"cobblemon:lure_ball":4,"minecraft:stone_pickaxe":1,"minecraft:cooked_beef":9,"minecraft:emerald":1,"minecraft:cooked_porkchop":31,"minecraft:crafting_table":3,"minecraft:wooden_pickaxe":1,"minecraft:iron_helmet":2,"minecraft:iron_sword":3,"minecraft:stone_axe":2,"minecraft:air":0,"minecraft:jungle_planks":204,"cobblemon:level_ball":4,"minecraft:stick":20,"minecraft:iron_ingot":25,"minecraft:iron_pickaxe":3,"minecraft:wooden_axe":2,"minecraft:stone_sword":2,"minecraft:torch":108}},"DataVersion":3465}