{"stats":{"minecraft:picked_up":{"minecraft:jungle_log":5},"minecraft:mined":{"minecraft:grass":1,"minecraft:jungle_log":6},"minecraft:custom":{"minecraft:jump":46,"minecraft:time_since_rest":3060,"minecraft:leave_game":1,"minecraft:walk_on_water_one_cm":2685,"minecraft:sprint_one_cm":11068,"minecraft:play_time":3060,"minecraft:damage_taken":50,"minecraft:time_since_death":3060,"minecraft:walk_one_cm":4111,"minecraft:climb_one_cm":474,"minecraft:total_world_time":3060,"minecraft:fall_one_cm":756,"minecraft:fly_one_cm":4059}},"DataVersion":3465}