{"stats":{"minecraft:picked_up":{"minecraft:music_disc_blocks":2},"minecraft:used":{"minecraft:netherrack":5,"minecraft:hoglin_spawn_egg":1,"minecraft:music_disc_13":1,"minecraft:jukebox":1,"minecraft:music_disc_blocks":2},"minecraft:custom":{"minecraft:jump":3,"minecraft:time_since_rest":8801,"minecraft:damage_dealt":4,"minecraft:leave_game":3,"minecraft:play_time":8801,"minecraft:play_record":3,"minecraft:sprint_one_cm":607,"minecraft:time_since_death":8801,"minecraft:walk_one_cm":793,"minecraft:sneak_time":28,"minecraft:total_world_time":8801,"minecraft:fly_one_cm":6133}},"DataVersion":3465}