{"stats":{"minecraft:broken":{"minecraft:stone_pickaxe":3,"minecraft:iron_sword":2,"minecraft:bow":1,"minecraft:stone_sword":1,"minecraft:iron_pickaxe":2},"minecraft:killed":{"minecraft:cave_spider":6,"minecraft:spider":6,"minecraft:skeleton":17,"minecraft:piglin_brute":3,"minecraft:wolf":1,"minecraft:magma_cube":8,"minecraft:piglin":2,"minecraft:parrot":2,"minecraft:pig":4,"minecraft:iron_golem":1,"minecraft:creeper":5,"minecraft:zombie":24,"minecraft:cow":1,"minecraft:drowned":1,"cobblemon:pokemon":2,"minecraft:hoglin":1,"minecraft:wither_skeleton":1},"minecraft:dropped":{"minecraft:iron_sword":1,"minecraft:birch_planks":3,"minecraft:porkchop":8,"minecraft:cooked_beef":7,"minecraft:glass_bottle":4,"minecraft:cooked_porkchop":21,"minecraft:weeping_vines":1,"minecraft:jungle_planks":28,"minecraft:bedrock":3,"minecraft:rail":1,"minecraft:dirt":220,"minecraft:crimson_roots":4,"minecraft:iron_pickaxe":2,"minecraft:white_wool":10,"cobblemon:ultra_ball":11,"minecraft:oak_door":4,"minecraft:gravel":3,"minecraft:stone_axe":2,"dynamictrees:oak_seed":1,"minecraft:cobbled_deepslate":112,"minecraft:nether_brick":17,"minecraft:wheat":8,"minecraft:rotten_flesh":64,"minecraft:oak_planks":48,"travelersbackpack:bat":1,"minecraft:cooked_mutton":2,"minecraft:nether_brick_fence":2,"minecraft:gunpowder":3,"minecraft:chest":1,"minecraft:arrow":5,"minecraft:iron_ingot":3,"minecraft:netherite_pickaxe":1,"minecraft:wheat_seeds":21,"minecraft:bookshelf":1,"minecraft:oak_fence":2,"minecraft:feather":3,"minecraft:cobblestone":3,"minecraft:granite":25,"minecraft:deepslate_tile_slab":1,"minecraft:stick":20,"minecraft:diorite":4,"minecraft:torch":40,"minecraft:wooden_axe":1,"minecraft:nether_wart_block":2,"minecraft:melon_slice":42,"minecraft:potion":1,"minecraft:iron_leggings":1,"minecraft:oak_stairs":6,"minecraft:string":47,"minecraft:lily_pad":37,"dynamictrees:acacia_seed":4,"minecraft:nether_wart":13,"minecraft:cocoa_beans":7,"minecraft:deepslate":2,"minecraft:tuff":27,"minecraft:diamond_hoe":1,"minecraft:raw_iron":15,"minecraft:chicken":14,"megamons:anistarite_geode_block":10,"minecraft:flint_and_steel":1,"minecraft:deepslate_bricks":1,"minecraft:diamond_sword":2,"megamons:anistarite_rough_geode_block":3,"minecraft:potato":1,"minecraft:iron_chestplate":1,"minecraft:wooden_pickaxe":1,"minecraft:stone_pickaxe":4,"minecraft:magma_cream":1,"minecraft:calcite":3},"minecraft:mined":{"minecraft:spruce_planks":1,"minecraft:white_bed":1,"minecraft:farmland":1,"minecraft:sculk_vein":2,"minecraft:obsidian":10,"megamons:crystal_shiny_stone_ore":1,"minecraft:granite":23,"minecraft:grass_block":305,"minecraft:jungle_log":5,"minecraft:cracked_polished_blackstone_bricks":55,"minecraft:deepslate_bricks":1,"minecraft:composter":2,"minecraft:nether_wart":10,"ironchest:copper_chest":4,"minecraft:polished_blackstone_bricks":96,"minecraft:sculk_catalyst":2,"minecraft:iron_ore":71,"minecraft:cobbled_deepslate":3,"minecraft:fire":12,"minecraft:deepslate_lapis_ore":10,"minecraft:nether_brick_stairs":1,"minecraft:sculk_shrieker":8,"cobblemon:vivichoke_seeds":5,"minecraft:dirt_path":6,"minecraft:oak_stairs":3,"megamons:crystal_ice_stone_ore":1,"dynamictrees:crimson_wart":2,"minecraft:tripwire":2,"minecraft:deepslate_redstone_ore":12,"minecraft:brown_mushroom":1,"megamons:anistarite_geode_block":10,"minecraft:blackstone":6,"minecraft:crimson_nylium":3,"minecraft:soul_fire":14,"minecraft:deepslate_tile_slab":1,"cobblemon:leaf_stone_ore":2,"minecraft:torch":10,"minecraft:calcite":3,"minecraft:melon":15,"minecraft:chest":3,"minecraft:nether_quartz_ore":1,"minecraft:cobblestone":34,"minecraft:grindstone":2,"minecraft:oak_planks":1,"minecraft:sugar_cane":7,"dynamictrees:crimson_sapling":1,"minecraft:wall_torch":29,"minecraft:deepslate_copper_ore":3,"minecraft:grass":55,"cobblemon:white_mint":1,"minecraft:sand":4,"minecraft:dirt":155,"minecraft:netherrack":329,"minecraft:ancient_debris":3,"minecraft:deepslate":255,"minecraft:nether_gold_ore":7,"minecraft:diamond_ore":1,"minecraft:tuff":136,"minecraft:mossy_cobblestone":2,"minecraft:deepslate_diamond_ore":7,"minecraft:oak_door":2,"minecraft:jungle_planks":4,"minecraft:crimson_roots":5,"minecraft:redstone_wire":3,"minecraft:hay_block":38,"minecraft:furnace":6,"minecraft:gold_block":19,"minecraft:nether_brick_fence":2,"minecraft:bookshelf":5,"minecraft:cobblestone_slab":1,"minecraft:deepslate_iron_ore":68,"minecraft:vine":7,"cobblemon:nether_fire_stone_ore":2,"minecraft:stripped_oak_log":3,"minecraft:bamboo":1,"minecraft:stone":339,"megamons:anistarite_rough_geode_block":3,"minecraft:glass_pane":2,"minecraft:basalt":58,"minecraft:oak_fence":2,"minecraft:crafting_table":7,"minecraft:sculk_sensor":33,"minecraft:copper_ore":41,"minecraft:tall_grass":14,"minecraft:lapis_ore":8,"minecraft:deepslate_gold_ore":3,"minecraft:cracked_deepslate_bricks":1,"minecraft:sculk":35,"minecraft:diorite":11,"cobblemon:yellow_apricorn_sapling":1,"minecraft:cobblestone_wall":2,"travelersbackpack:pig":7,"minecraft:bee_nest":1,"minecraft:yellow_bed":8,"megamons:crystal_dawn_stone_ore":1,"minecraft:coal_ore":52,"minecraft:gravel":18,"minecraft:cobweb":32,"minecraft:cracked_stone_bricks":1,"cobblemon:sun_stone_ore":1,"cobblemon:blue_apricorn_sapling":1,"minecraft:stone_bricks":1,"minecraft:mossy_stone_bricks":1,"minecraft:gold_ore":5,"minecraft:fern":7},"minecraft:crafted":{"minecraft:smooth_stone":2,"minecraft:oak_planks":64,"minecraft:stone":2,"minecraft:diamond_shovel":1,"minecraft:bookshelf":14,"minecraft:glass":1,"minecraft:iron_boots":3,"minecraft:chest":6,"cobblemon:azure_ball":4,"minecraft:stone_hoe":1,"minecraft:golden_boots":1,"minecraft:cooked_porkchop":23,"minecraft:diamond_axe":1,"minecraft:crafting_table":8,"minecraft:iron_helmet":5,"minecraft:wooden_pickaxe":2,"minecraft:baked_potato":12,"minecraft:birch_planks":60,"cobblemon:braised_vivichoke":1,"cobblemon:quick_ball":4,"minecraft:iron_chestplate":2,"minecraft:diamond_pickaxe":1,"minecraft:shield":3,"minecraft:stick":156,"minecraft:iron_ingot":41,"minecraft:iron_pickaxe":3,"minecraft:iron_block":3,"minecraft:gold_ingot":234,"minecraft:netherite_ingot":1,"minecraft:iron_nugget":1,"minecraft:furnace":2,"minecraft:bone_meal":129,"minecraft:flint_and_steel":1,"minecraft:iron_axe":2,"minecraft:stone_pickaxe":6,"minecraft:cobblestone_wall":12,"minecraft:netherite_scrap":4,"minecraft:golden_helmet":1,"minecraft:wheat":72,"minecraft:cooked_beef":34,"minecraft:netherite_pickaxe":1,"minecraft:enchanting_table":1,"minecraft:iron_sword":2,"cobblemon:pc":1,"minecraft:bucket":2,"minecraft:stone_axe":1,"minecraft:air":0,"minecraft:bread":24,"minecraft:jungle_planks":68,"minecraft:oak_fence_gate":1,"minecraft:oak_boat":1,"minecraft:iron_shovel":1,"minecraft:anvil":1,"cobblemon:dusk_ball":4,"minecraft:acacia_planks":84,"minecraft:torch":556,"cobblemon:ultra_ball":20,"cobblemon:relic_coin_pouch":7},"minecraft:picked_up":{"minecraft:wooden_axe":1,"minecraft:iron_chestplate":7,"cobblemon:leaf_stone":2,"minecraft:wheat":1,"minecraft:nether_brick_fence":4,"cobblemon:red_apricorn":2,"minecraft:diamond_sword":5,"minecraft:oak_stairs":9,"minecraft:potion":2,"minecraft:enchanted_book":2,"minecraft:nether_brick":17,"minecraft:string":151,"minecraft:soul_soil":6,"minecraft:raw_copper":181,"minecraft:iron_leggings":13,"minecraft:netherite_ingot":1,"minecraft:experience_bottle":4,"minecraft:oak_sign":3,"minecraft:gold_nugget":27,"minecraft:cobbled_deepslate":381,"minecraft:spruce_planks":1,"cobblemon:oran_berry":6,"minecraft:cobblestone_slab":4,"minecraft:calcite":3,"dynamictrees:oak_seed":11,"minecraft:iron_pickaxe":11,"cobblemon:quick_ball":2,"minecraft:melon_slice":280,"minecraft:iron_boots":5,"minecraft:furnace":7,"minecraft:golden_helmet":1,"minecraft:stick":135,"minecraft:composter":2,"minecraft:oak_fence":4,"minecraft:torch":143,"minecraft:acacia_log":28,"travelersbackpack:iron_tier_upgrade":2,"minecraft:porkchop":20,"minecraft:golden_axe":1,"cobblemon:white_mint_seeds":1,"minecraft:diorite":12,"minecraft:stone_sword":2,"minecraft:rotten_flesh":70,"minecraft:white_terracotta":8,"minecraft:obsidian":10,"minecraft:cobblestone":1013,"minecraft:birch_log":30,"minecraft:feather":29,"minecraft:cooked_beef":12,"cobblemon:ultra_ball":3,"minecraft:magma_cream":2,"minecraft:water_bucket":2,"minecraft:jungle_log":17,"minecraft:golden_leggings":1,"minecraft:potato":1,"ironchest:copper_chest":4,"minecraft:flint":1,"minecraft:tuff":152,"minecraft:wither_skeleton_skull":1,"minecraft:lapis_lazuli":311,"megamons:anistarite_geode_block":10,"minecraft:dirt":413,"minecraft:disc_fragment_5":4,"minecraft:bone":87,"minecraft:acacia_planks":46,"minecraft:bow":6,"minecraft:wheat_seeds":27,"cobblemon:black_apricorn":10,"minecraft:raw_gold":9,"minecraft:grindstone":3,"minecraft:mossy_stone_bricks":1,"minecraft:bamboo":20,"minecraft:oak_planks":222,"cobblemon:sun_stone":2,"minecraft:cooked_porkchop":27,"cobblemon:fire_stone":8,"cobblemon:shiny_stone":1,"minecraft:sand":4,"minecraft:jungle_planks":160,"dynamictrees:acacia_seed":10,"cobblemon:persim_berry":22,"minecraft:nether_brick_stairs":1,"cobblemon:vivichoke":5,"minecraft:spectral_arrow":12,"minecraft:mossy_cobblestone":2,"megamons:anistarite_rough_geode_block":6,"minecraft:diamond":8,"minecraft:deepslate":1,"minecraft:cracked_polished_blackstone_bricks":101,"minecraft:crossbow":1,"minecraft:granite":25,"minecraft:bone_meal":25,"minecraft:golden_apple":2,"cobblemon:rindo_berry":5,"cobblemon:ice_stone":1,"minecraft:emerald":1,"minecraft:golden_horse_armor":1,"minecraft:bread":114,"minecraft:netherrack":326,"minecraft:crimson_roots":6,"minecraft:diamond_pickaxe":1,"minecraft:cocoa_beans":7,"minecraft:crafting_table":12,"minecraft:chicken":14,"minecraft:nether_wart":65,"cobblemon:yellow_apricorn":30,"minecraft:brown_mushroom":1,"minecraft:gold_block":41,"minecraft:diamond_horse_armor":1,"minecraft:shield":5,"minecraft:iron_axe":5,"minecraft:flint_and_steel":1,"cobblemon:white_mint_leaf":3,"minecraft:blackstone":18,"travelersbackpack:pig":11,"cobblemon:link_cable":2,"minecraft:cracked_stone_bricks":1,"cobblemon:green_apricorn":10,"minecraft:beef":12,"minecraft:oak_boat":11,"cobblemon:relic_coin":73,"minecraft:poppy":1,"minecraft:sugar_cane":19,"minecraft:chest":4,"minecraft:diamond_hoe":3,"minecraft:raw_iron":176,"minecraft:oak_door":6,"minecraft:polished_blackstone_bricks":211,"cobblemon:rawst_berry":33,"minecraft:redstone":109,"minecraft:netherite_pickaxe":1,"cobblemon:blue_mint_seeds":1,"cobblemon:dawn_stone":1,"minecraft:arrow":33,"minecraft:weeping_vines":1,"dynamictrees:crimson_seed":1,"minecraft:deepslate_bricks":1,"minecraft:hay_block":38,"minecraft:cracked_deepslate_bricks":1,"minecraft:saddle":1,"minecraft:gold_ingot":3,"minecraft:glow_berries":3,"cobblemon:blue_apricorn":3,"minecraft:rail":1,"minecraft:white_wool":12,"minecraft:stripped_oak_log":7,"minecraft:basalt":114,"minecraft:golden_carrot":18,"minecraft:leather":6,"minecraft:birch_planks":5,"minecraft:cobblestone_wall":2,"minecraft:bedrock":2,"minecraft:oak_log":11,"minecraft:lily_pad":37,"minecraft:ancient_debris":3,"minecraft:yellow_bed":12,"minecraft:golden_boots":1,"minecraft:nether_wart_block":7,"minecraft:gunpowder":6,"minecraft:deepslate_tile_slab":1,"minecraft:cooked_mutton":10,"minecraft:stone_bricks":1,"minecraft:iron_ingot":107,"minecraft:stone_pickaxe":5,"cobblemon:coba_berry":2,"minecraft:glass_bottle":1,"minecraft:iron_sword":6,"minecraft:soul_sand":4,"minecraft:book":49,"cobblemon:red_apricorn_seed":1,"minecraft:scaffolding":19,"cobblemon:black_apricorn_seed":1,"minecraft:quartz":10,"cobblemon:blue_apricorn_seed":1,"minecraft:gravel":33,"cobblemon:yellow_apricorn_seed":3,"minecraft:white_bed":4,"minecraft:spider_eye":2,"cobblemon:haban_berry":3,"cobblemon:auspicious_armor":1,"minecraft:stone_axe":4,"minecraft:iron_helmet":5,"minecraft:coal":277},"minecraft:used":{"minecraft:iron_shovel":4,"minecraft:poppy":1,"minecraft:diamond_hoe":5,"minecraft:chest":9,"minecraft:shield":35,"minecraft:iron_sword":279,"travelersbackpack:pig":4,"minecraft:jungle_planks":5,"minecraft:tuff":71,"minecraft:obsidian":10,"minecraft:stone_bricks":1,"minecraft:bedrock":9,"minecraft:bow":6,"minecraft:hay_block":2,"minecraft:furnace":5,"minecraft:potato":13,"minecraft:diorite":1,"minecraft:mossy_stone_bricks":1,"minecraft:oak_planks":6,"minecraft:stone_pickaxe":500,"minecraft:blackstone":2,"minecraft:wooden_pickaxe":14,"minecraft:composter":2,"minecraft:sugar_cane":18,"minecraft:golden_apple":1,"minecraft:golden_hoe":5,"minecraft:sand":3,"ironchest:copper_chest":4,"cobblemon:yellow_apricorn_seed":2,"minecraft:melon_slice":108,"minecraft:bread":48,"minecraft:string":3,"minecraft:deepslate":55,"minecraft:gravel":10,"minecraft:golden_helmet":1,"minecraft:nether_wart_block":1,"minecraft:diamond_sword":71,"minecraft:grindstone":3,"minecraft:oak_boat":9,"minecraft:bone_meal":26,"minecraft:experience_bottle":9,"minecraft:oak_fence":2,"minecraft:enchanting_table":1,"minecraft:stone_sword":135,"minecraft:flint_and_steel":1,"minecraft:cracked_deepslate_bricks":1,"minecraft:spruce_planks":1,"minecraft:stone_hoe":16,"minecraft:netherrack":214,"minecraft:oak_door":2,"minecraft:torch":616,"minecraft:anvil":2,"minecraft:ancient_debris":3,"minecraft:dirt":35,"minecraft:cobblestone_wall":14,"minecraft:nether_brick_stairs":1,"minecraft:oak_fence_gate":1,"minecraft:bookshelf":32,"minecraft:iron_axe":84,"minecraft:oak_stairs":3,"minecraft:iron_boots":1,"cobblemon:pc":1,"minecraft:beef":1,"minecraft:netherite_pickaxe":7,"minecraft:cooked_beef":15,"minecraft:cobbled_deepslate":82,"minecraft:acacia_planks":17,"minecraft:enchanted_golden_apple":1,"minecraft:iron_leggings":2,"minecraft:cooked_mutton":3,"minecraft:water_bucket":1,"minecraft:baked_potato":12,"minecraft:brown_mushroom":1,"minecraft:cracked_stone_bricks":1,"minecraft:polished_blackstone_bricks":11,"cobblemon:vivichoke_seeds":5,"minecraft:crafting_table":15,"cobblemon:black_apricorn_seed":2,"minecraft:white_bed":1,"minecraft:diamond_pickaxe":133,"minecraft:diamond_shovel":452,"minecraft:iron_pickaxe":1184,"minecraft:stone_axe":67,"minecraft:cobblestone":585,"minecraft:potion":3,"minecraft:porkchop":2,"minecraft:cooked_porkchop":30,"minecraft:bucket":1,"minecraft:yellow_bed":11,"cobblemon:blue_apricorn_seed":3},"minecraft:killed_by":{"minecraft:piglin_brute":2,"minecraft:piglin":1,"minecraft:zombie":1,"minecraft:player":1,"minecraft:wolf":1,"minecraft:spider":1,"minecraft:warden":2,"minecraft:skeleton":1},"minecraft:custom":{"minecraft:animals_bred":2,"minecraft:interact_with_crafting_table":89,"minecraft:leave_game":6,"minecraft:time_since_death":50566,"minecraft:damage_resisted":150,"minecraft:sprint_one_cm":1587625,"minecraft:damage_blocked_by_shield":2285,"minecraft:drop":184,"minecraft:talked_to_villager":7,"minecraft:play_time":500907,"minecraft:deaths":13,"minecraft:jump":7369,"minecraft:walk_on_water_one_cm":38021,"minecraft:enchant_item":15,"minecraft:interact_with_furnace":94,"minecraft:sleep_in_bed":8,"minecraft:damage_dealt":17919,"minecraft:player_kills":2,"minecraft:crouch_one_cm":301203,"minecraft:inspect_dispenser":2,"minecraft:horse_one_cm":1097862,"minecraft:interact_with_smithing_table":12,"minecraft:interact_with_anvil":6,"minecraft:mob_kills":94,"minecraft:climb_one_cm":9662,"minecraft:walk_one_cm":793329,"minecraft:sneak_time":91165,"minecraft:walk_under_water_one_cm":24013,"minecraft:boat_one_cm":460989,"minecraft:total_world_time":500907,"minecraft:interact_with_grindstone":1,"minecraft:time_since_rest":50594,"minecraft:damage_absorbed":200,"minecraft:damage_taken":10640,"minecraft:swim_one_cm":77062,"minecraft:fly_one_cm":1766964,"minecraft:open_chest":391,"minecraft:fall_one_cm":224888}},"DataVersion":3465}