{"stats":{"minecraft:killed":{"minecraft:zombified_piglin":1,"minecraft:spider":8,"minecraft:skeleton":16,"minecraft:chicken":3,"minecraft:creeper":3,"minecraft:sheep":7,"minecraft:pillager":3,"minecraft:zombie":33,"minecraft:panda":14,"minecraft:drowned":2,"minecraft:warden":24,"cobblemon:pokemon":59},"minecraft:dropped":{"minecraft:iron_sword":3,"minecraft:brown_mushroom":4,"minecraft:birch_planks":4,"minecraft:diamond":3,"minecraft:glow_berries":3,"minecraft:leather":6,"travelersbackpack:iron_tier_upgrade":1,"cobblemon:link_cable":1,"minecraft:flint":2,"minecraft:dirt":12,"minecraft:iron_pickaxe":2,"minecraft:white_wool":3,"cobblemon:ultra_ball":2,"minecraft:bone":5,"minecraft:stone_axe":1,"minecraft:netherite_sword":1,"minecraft:wheat":1,"minecraft:pointed_dripstone":2,"minecraft:rotten_flesh":12,"minecraft:grindstone":1,"travelersbackpack:pig":1,"cobblemon:black_apricorn":2,"minecraft:cooked_mutton":5,"minecraft:carrot":9,"travelersbackpack:gold":2,"minecraft:poppy":1,"minecraft:rabbit_hide":2,"minecraft:gunpowder":1,"minecraft:beef":9,"minecraft:enchanted_book":1,"minecraft:water_bucket":1,"minecraft:iron_ingot":64,"minecraft:wheat_seeds":39,"minecraft:iron_helmet":1,"minecraft:feather":1,"minecraft:cobblestone":85,"minecraft:apple":14,"minecraft:granite":21,"minecraft:disc_fragment_5":4,"minecraft:coal":13,"minecraft:stick":24,"minecraft:torch":1,"minecraft:sculk_catalyst":1,"minecraft:brown_wool":1,"minecraft:melon_slice":12,"minecraft:iron_leggings":5,"minecraft:iron_axe":2,"minecraft:string":2,"minecraft:diamond_hoe":1,"minecraft:raw_iron":6,"cobblemon:yellow_apricorn":1,"minecraft:clay_ball":2,"minecraft:iron_boots":1,"minecraft:diamond_sword":2,"minecraft:potato":57,"minecraft:shield":1,"minecraft:iron_chestplate":3,"minecraft:diamond_pickaxe":1,"minecraft:bamboo":4,"minecraft:bow":1,"minecraft:black_wool":1},"minecraft:used":{"minecraft:iron_shovel":21,"minecraft:diamond_hoe":166,"minecraft:oak_sign":4,"minecraft:chest":11,"minecraft:shield":71,"minecraft:stone":2,"minecraft:iron_sword":208,"minecraft:rotten_flesh":7,"minecraft:sculk_sensor":44,"minecraft:mutton":1,"minecraft:carrot":70,"minecraft:warden_spawn_egg":30,"minecraft:lava_bucket":2,"minecraft:panda_spawn_egg":14,"minecraft:bow":2,"minecraft:scaffolding":17,"minecraft:sweet_berries":2,"minecraft:furnace":5,"minecraft:potato":206,"minecraft:stone_pickaxe":1837,"minecraft:sugar_cane":27,"minecraft:glow_berries":3,"ironchest:copper_chest":5,"cobblemon:yellow_apricorn_seed":1,"minecraft:blast_furnace":1,"minecraft:melon_slice":16,"minecraft:gravel":3,"minecraft:diamond_sword":145,"minecraft:smithing_table":1,"minecraft:andesite":4,"minecraft:oak_boat":6,"minecraft:bone_meal":135,"minecraft:oak_trapdoor":4,"minecraft:netherite_sword":2,"minecraft:stone_sword":118,"minecraft:stone_shovel":613,"dynamictrees:oak_seed":33,"minecraft:cooked_chicken":6,"minecraft:stone_hoe":131,"minecraft:torch":454,"ironchest:diamond_chest":5,"minecraft:dirt":286,"minecraft:anvil":1,"minecraft:hopper":1,"minecraft:oak_fence_gate":1,"travelersbackpack:gold":1,"minecraft:iron_axe":210,"minecraft:oak_stairs":2,"dynamictrees:birch_seed":4,"minecraft:iron_boots":1,"minecraft:bamboo":8,"ironchest:diamond_to_crystal_chest_upgrade":2,"minecraft:netherite_pickaxe":85,"minecraft:cooked_beef":8,"minecraft:cobbled_deepslate":20,"minecraft:wheat_seeds":5,"minecraft:cooked_mutton":9,"minecraft:water_bucket":12,"minecraft:rabbit":2,"minecraft:baked_potato":64,"minecraft:cobblestone_slab":5,"minecraft:crafting_table":20,"minecraft:sculk_shrieker":39,"minecraft:white_bed":4,"minecraft:black_wool":2,"minecraft:chicken":1,"minecraft:iron_pickaxe":1322,"minecraft:netherite_axe":64,"minecraft:stone_axe":118,"minecraft:cobblestone":1023,"travelersbackpack:standard":3,"minecraft:cooked_porkchop":2,"minecraft:porkchop":1,"minecraft:bucket":16,"minecraft:yellow_bed":9,"minecraft:gray_wool":1,"minecraft:candle":4},"minecraft:killed_by":{"minecraft:zombie":1,"minecraft:player":4,"minecraft:warden":1},"minecraft:picked_up":{"minecraft:iron_chestplate":7,"minecraft:wheat":2,"minecraft:diamond_sword":1,"minecraft:oak_stairs":2,"minecraft:enchanted_book":1,"cobblemon:wepear_berry":1,"minecraft:string":3,"minecraft:raw_copper":234,"minecraft:iron_leggings":9,"minecraft:cobbled_deepslate":284,"minecraft:cobblestone_slab":2,"dynamictrees:oak_seed":48,"minecraft:iron_pickaxe":5,"minecraft:melon_slice":24,"minecraft:furnace":14,"minecraft:iron_boots":5,"minecraft:stick":211,"minecraft:torch":153,"minecraft:porkchop":7,"minecraft:pointed_dripstone":3,"minecraft:diorite":3,"travelersbackpack:iron":3,"minecraft:rotten_flesh":36,"minecraft:white_terracotta":9,"minecraft:cobblestone":2574,"minecraft:birch_log":10,"minecraft:feather":4,"cobblemon:ultra_ball":4,"minecraft:magma_cream":1,"minecraft:andesite":4,"minecraft:water_bucket":3,"minecraft:jungle_log":10,"minecraft:brown_wool":1,"minecraft:potato":307,"ironchest:copper_chest":2,"minecraft:flint":11,"minecraft:tuff":16,"minecraft:dirt":790,"minecraft:lapis_lazuli":110,"minecraft:disc_fragment_5":4,"minecraft:bone":19,"minecraft:bow":3,"cobblemon:black_apricorn":9,"minecraft:wheat_seeds":41,"minecraft:raw_gold":13,"minecraft:grindstone":3,"minecraft:netherite_axe":1,"minecraft:rabbit":2,"minecraft:bamboo":63,"cobblemon:moon_stone":2,"travelersbackpack:gold":3,"minecraft:oak_planks":10,"cobblemon:sun_stone":2,"minecraft:cooked_porkchop":8,"minecraft:sand":24,"minecraft:diamond":1,"minecraft:granite":21,"minecraft:golden_apple":1,"minecraft:crafting_table":18,"minecraft:chicken":7,"minecraft:clay_ball":2,"cobblemon:yellow_apricorn":1,"minecraft:brown_mushroom":4,"minecraft:shield":3,"minecraft:iron_axe":7,"minecraft:flint_and_steel":1,"minecraft:iron_shovel":1,"travelersbackpack:pig":1,"cobblemon:link_cable":1,"minecraft:candle":8,"minecraft:netherite_sword":1,"minecraft:beef":42,"minecraft:oak_boat":5,"minecraft:poppy":1,"minecraft:sugar_cane":99,"minecraft:chest":7,"minecraft:diamond_hoe":2,"minecraft:raw_iron":125,"minecraft:carrot":79,"minecraft:redstone":29,"minecraft:netherite_pickaxe":1,"minecraft:arrow":15,"minecraft:gold_ingot":1,"minecraft:glow_berries":3,"minecraft:mutton":20,"minecraft:white_wool":15,"minecraft:stripped_oak_log":4,"minecraft:glow_ink_sac":14,"minecraft:leather":26,"minecraft:birch_planks":8,"minecraft:oak_log":216,"minecraft:yellow_bed":9,"minecraft:gunpowder":2,"minecraft:apple":2,"minecraft:rabbit_hide":2,"minecraft:iron_ingot":125,"dynamictrees:birch_seed":4,"minecraft:stone_pickaxe":1,"minecraft:cooked_chicken":1,"minecraft:iron_ore":190,"minecraft:glass_bottle":1,"minecraft:iron_sword":4,"minecraft:sculk_catalyst":2,"minecraft:scaffolding":6,"minecraft:sweet_berries":2,"minecraft:dripstone_block":7,"minecraft:gravel":131,"cobblemon:yellow_apricorn_seed":1,"minecraft:white_bed":5,"minecraft:slime_ball":1,"minecraft:stone_axe":1,"minecraft:iron_helmet":5,"minecraft:gray_wool":1,"minecraft:black_wool":3,"minecraft:coal":362},"minecraft:mined":{"minecraft:white_bed":5,"minecraft:farmland":1,"minecraft:sculk_vein":1,"cobblemon:apricorn_log":1,"minecraft:granite":21,"minecraft:grass_block":418,"travelersbackpack:iron":1,"ironchest:copper_chest":2,"minecraft:sculk_catalyst":1,"minecraft:iron_ore":45,"minecraft:fire":3,"minecraft:deepslate_lapis_ore":9,"minecraft:pointed_dripstone":75,"minecraft:dirt_path":7,"minecraft:oak_stairs":2,"minecraft:deepslate_redstone_ore":7,"minecraft:torch":32,"minecraft:chest":4,"minecraft:cobblestone":428,"minecraft:sugar_cane":57,"minecraft:grindstone":1,"minecraft:oak_planks":10,"minecraft:wall_torch":24,"minecraft:white_terracotta":9,"minecraft:wheat":1,"minecraft:grass":108,"minecraft:sand":24,"minecraft:dirt":370,"minecraft:deepslate":231,"minecraft:tuff":16,"minecraft:deepslate_diamond_ore":1,"minecraft:candle":6,"cobblemon:moon_stone_ore":2,"minecraft:furnace":6,"minecraft:carrots":22,"minecraft:andesite":4,"minecraft:potatoes":110,"minecraft:deepslate_iron_ore":38,"minecraft:cobblestone_slab":1,"minecraft:stripped_oak_log":4,"minecraft:bamboo":6,"minecraft:stone":2036,"minecraft:scaffolding":4,"minecraft:glass_pane":1,"minecraft:crafting_table":18,"minecraft:sculk_sensor":10,"minecraft:copper_ore":10,"minecraft:tall_grass":6,"minecraft:deepslate_gold_ore":13,"minecraft:lapis_ore":6,"minecraft:sculk":142,"minecraft:diorite":3,"cobblemon:yellow_apricorn_sapling":1,"minecraft:yellow_bed":9,"minecraft:coal_ore":183,"minecraft:gravel":48,"minecraft:dripstone_block":10,"cobblemon:sun_stone_ore":2},"minecraft:broken":{"minecraft:iron_shovel":1,"minecraft:stone_pickaxe":14,"minecraft:stone_axe":2,"minecraft:stone_shovel":4,"minecraft:stone_sword":1,"minecraft:stone_hoe":1,"minecraft:shield":1,"minecraft:iron_axe":1,"minecraft:iron_pickaxe":5},"minecraft:custom":{"minecraft:interact_with_crafting_table":65,"minecraft:leave_game":7,"minecraft:time_since_death":0,"minecraft:sprint_one_cm":969166,"minecraft:damage_blocked_by_shield":4300,"minecraft:drop":180,"minecraft:talked_to_villager":4,"minecraft:play_time":429887,"minecraft:deaths":7,"minecraft:jump":6043,"minecraft:walk_on_water_one_cm":30956,"minecraft:interact_with_furnace":147,"minecraft:sleep_in_bed":9,"minecraft:damage_dealt":164341,"minecraft:player_kills":10,"minecraft:crouch_one_cm":28746,"minecraft:interact_with_smithing_table":3,"minecraft:mob_kills":175,"minecraft:interact_with_anvil":2,"minecraft:inspect_hopper":1,"minecraft:climb_one_cm":4788,"minecraft:walk_one_cm":661665,"minecraft:sneak_time":10052,"minecraft:walk_under_water_one_cm":15579,"minecraft:boat_one_cm":27490,"minecraft:interact_with_blast_furnace":3,"minecraft:total_world_time":429887,"minecraft:time_since_rest":2551,"minecraft:damage_taken":5362,"minecraft:swim_one_cm":13655,"minecraft:fly_one_cm":1389952,"minecraft:open_chest":204,"minecraft:fall_one_cm":139958},"minecraft:crafted":{"minecraft:oak_planks":148,"minecraft:smooth_stone":3,"travelersbackpack:iron":1,"minecraft:cobblestone_slab":6,"minecraft:oak_sign":6,"minecraft:cooked_chicken":5,"minecraft:stone":54,"minecraft:cooked_mutton":19,"minecraft:hopper":1,"minecraft:glass":24,"minecraft:iron_boots":1,"minecraft:chest":12,"minecraft:stone_hoe":1,"minecraft:cooked_porkchop":1,"minecraft:crafting_table":2,"minecraft:iron_helmet":1,"minecraft:baked_potato":64,"travelersbackpack:standard":2,"minecraft:smithing_table":1,"minecraft:copper_ingot":98,"minecraft:birch_planks":40,"minecraft:iron_chestplate":1,"minecraft:shield":2,"minecraft:stick":52,"minecraft:iron_ingot":113,"minecraft:iron_pickaxe":8,"minecraft:gold_ingot":7,"minecraft:stone_shovel":5,"minecraft:blast_furnace":1,"minecraft:bone_meal":57,"minecraft:oak_trapdoor":4,"minecraft:scaffolding":30,"travelersbackpack:white_sleeping_bag":2,"minecraft:iron_axe":3,"travelersbackpack:gold":1,"minecraft:stone_pickaxe":13,"minecraft:cooked_beef":20,"travelersbackpack:backpack_tank":4,"minecraft:iron_sword":1,"ironchest:copper_chest":2,"minecraft:bucket":1,"minecraft:stone_axe":1,"minecraft:air":0,"minecraft:oak_fence_gate":1,"minecraft:oak_boat":2,"minecraft:iron_leggings":1,"minecraft:white_bed":2,"minecraft:torch":400}},"DataVersion":3465}