{"stats":{"minecraft:custom":{"minecraft:jump":35,"minecraft:open_chest":4,"minecraft:time_since_rest":4119,"minecraft:deaths":1,"minecraft:crouch_one_cm":29,"minecraft:leave_game":5,"minecraft:play_time":23300,"minecraft:sprint_one_cm":5575,"minecraft:damage_taken":70,"minecraft:time_since_death":4090,"minecraft:walk_one_cm":1971,"minecraft:sneak_time":260,"minecraft:total_world_time":23300,"minecraft:fall_one_cm":1230,"minecraft:fly_one_cm":89707},"minecraft:mined":{"minecraft:grass":3},"minecraft:used":{"minecraft:stone":2,"ironchest:diamond_chest":5,"minecraft:gravel":1,"ironchest:diamond_to_crystal_chest_upgrade":2,"ironchest:copper_chest":1}},"DataVersion":3465}