{
  "uuid": "6fb8c2ca-d5da-32dd-a2c2-ba46cdc7d510",
  "starterPrompted": true,
  "starterLocked": false,
  "starterSelected": true,
  "starterUUID": "74d31fb5-014a-4d63-a1a3-ba08c4b55073",
  "keyItems": [],
  "battleTheme": "cobblemon:battle.pvp.default",
  "extraData": {},
  "advancementData": {
    "totalCaptureCount": 5,
    "totalEggsHatched": 0,
    "totalEvolvedCount": 0,
    "totalBattleVictoryCount": 3,
    "totalPvPBattleVictoryCount": 0,
    "totalPvWBattleVictoryCount": 3,
    "totalPvNBattleVictoryCount": 0,
    "totalShinyCaptureCount": 0,
    "totalTradedCount": 0,
    "totalTypeCaptureCounts": {
      "normal": 2,
      "flying": 1,
      "electric": 1,
      "ghost": 1,
      "poison": 1,
      "fire": 1,
      "ground": 1
    },
    "totalDefeatedCounts": {},
    "aspectsCollected": {}
  }
}