{
  "uuid": "c285994a-b47d-3e18-9582-cdb988caef40",
  "starterPrompted": false,
  "starterLocked": false,
  "starterSelected": false,
  "keyItems": [],
  "battleTheme": "cobblemon:battle.pvp.default",
  "extraData": {},
  "advancementData": {
    "totalCaptureCount": 0,
    "totalEggsHatched": 0,
    "totalEvolvedCount": 0,
    "totalBattleVictoryCount": 0,
    "totalPvPBattleVictoryCount": 0,
    "totalPvWBattleVictoryCount": 0,
    "totalPvNBattleVictoryCount": 0,
    "totalShinyCaptureCount": 0,
    "totalTradedCount": 0,
    "totalTypeCaptureCounts": {},
    "totalDefeatedCounts": {},
    "aspectsCollected": {}
  }
}